,TITLE,TRACK_ID,ALBUM,PRIMARY_ARTIST,PRIMARY_ARTIST_ID,ALL_ARTISTS,TEMPO_(BPM),LOUDNESS_(db),DURATION_(ms),ACOUSTICNESS,DANCEABILITY,ENERGY,INSTRUMENTALNESS,INSTRUMENTAL_PREDICT,LIVENESS,VALENCE,VALENCE_PREDICT,POPULARITY_SCALE,GENRE,RELATED_ARTISTS,SPOTIFY_URL,ARTWORK_URL
39,HIGHEST IN THE ROOM,3eekarcy7kvN4yt5ZFzltW,HIGHEST IN THE ROOM,Travis Scott,0Y5tJX1MQlPlqiwlOH1tJY,['Travis Scott'],76.469,-8.764,175721,0.0546,0.598,0.427,5.83e-06,Vocal,0.21,0.0605,Negative,81,"['hip hop', 'rap', 'slap house']","['A$AP Rocky', 'A$AP Ferg', 'Chief Keef', 'A$AP Mob', 'Joey Bada$$', 'Huncho Jack', 'Pusha T', 'ScHoolboy Q', 'Meek Mill', 'Chance the Rapper', 'Playboi Carti', 'Young Nudy', 'Quavo', 'Flatbush Zombies', '2 Chainz', 'Migos', 'Earl Sweatshirt', 'Childish Gambino', 'Kendrick Lamar', 'Vince Staples']",https://open.spotify.com/track/3eekarcy7kvN4yt5ZFzltW,https://i.scdn.co/image/ab67616d0000b273e42b5fea4ac4c3d6328b622b
45,Freestyle,5BbdKBZO0TH0GhfxUfyhL9,Too Hard,Lil Baby,5f7VJjfbwm532GiveGC0ZK,['Lil Baby'],119.996,-5.426,162053,0.217,0.877,0.517,0.0,Vocal,0.143,0.255,Negative,80,"['atl hip hop', 'atl trap', 'rap', 'trap']","['Gunna', '21 Savage', 'Quavo', 'Metro Boomin', 'Kodak Black', 'Roddy Ricch', 'YoungBoy Never Broke Again', 'Lil Yachty', 'Tee Grizzley', 'Lil Keed', 'Young Thug', 'Moneybagg Yo', 'Quando Rondo', 'Lil Durk', 'Flipp Dinero', 'G Herbo', 'Key Glock', 'Young Nudy', 'JayDaYoungan', 'Doe Boy']",https://open.spotify.com/track/5BbdKBZO0TH0GhfxUfyhL9,https://i.scdn.co/image/ab67616d0000b2735067cc9332e2fdc69ea7b7a9
29,Bandit (with YoungBoy Never Broke Again),6Gg1gjgKi2AK4e0qzsR7sd,Bandit (with YoungBoy Never Broke Again),Juice WRLD,4MCBfE4596Uoi2O4DtmEMz,"['Juice WRLD', 'YoungBoy Never Broke Again']",180.051,-5.884,189323,0.0687,0.474,0.631,0.0,Vocal,0.132,0.425,Negative,75,"['chicago rap', 'melodic rap']","['NAV', 'Comethazine', 'Lil Yachty', 'Lil Tecca', 'Lil Mosey', 'Kodak Black', 'Trippie Redd', 'Lil Gnar', 'YNW Melly', 'YBN Nahmir', 'Blueface', 'Lil Pump', 'Flipp Dinero', 'Tay-K', 'Famous Dex', '6ix9ine', 'DaBaby', 'Lil Uzi Vert', '21 Savage', 'Yung Pinch']",https://open.spotify.com/track/6Gg1gjgKi2AK4e0qzsR7sd,https://i.scdn.co/image/ab67616d0000b2735b4bee4c0dfe7f1ec4b2cc6d
20,Glock In My Lap,6pcywuOeGGWeOQzdUyti6k,SAVAGE MODE II,21 Savage,1URnnhqYAYcrqrcwql10ft,"['21 Savage', 'Metro Boomin']",130.029,-6.439,193591,0.00574,0.847,0.733,1.04e-05,Vocal,0.151,0.202,Negative,74,"['atl hip hop', 'rap', 'trap']","['Quavo', 'Young Thug', 'Gunna', 'Huncho Jack', 'Metro Boomin', 'Sheck Wes', 'Don Toliver', 'Lil Baby', 'Lil Keed', 'Lil Yachty', 'Trippie Redd', 'A$AP Mob', 'Migos', 'Lil Uzi Vert', 'NAV', '88GLAM', 'Young Nudy', 'Flipp Dinero', 'YG', 'Playboi Carti']",https://open.spotify.com/track/6pcywuOeGGWeOQzdUyti6k,https://i.scdn.co/image/ab67616d0000b273aa57907bf0cb2ca0c8cc74bc
31,Hellcats & Trackhawks,53tv6ZbyeAwfAUwFaxYbfO,Only The Family - Lil Durk Presents: Loyal Bros,Only The Family,3IaKn0ExWTMPqa0mscUYw3,"['Only The Family', 'Lil Durk']",157.026,-5.557,146845,0.0122,0.841,0.672,0.0,Vocal,0.321,0.599,Positive,71,"['chicago rap', 'rap', 'southern hip hop', 'trap']","['Doodie Lo', 'Booka600', 'Lil Zay Osama', 'Foolio', 'Chris Brickley', 'BIG30', 'Lil Jairmy', 'Icewear Vezzo', 'PGF Nuk', 'Young Pappy', 'FBG Duck', 'Jackboy', 'EST Gee', 'Funk Flex', 'Muwop', 'Yungeen Ace', 'Lud Foe', 'BigKayBeezy', 'Fredo Bang', 'Slimelife Shawty']",https://open.spotify.com/track/53tv6ZbyeAwfAUwFaxYbfO,https://i.scdn.co/image/ab67616d0000b2735a150b940ef099e9bea28c55
41,Dëserve it,14p60PiibNloesz8pDovLI,Up 2 Më,Yeat,3qiHUAX7zY4Qnjx8TNUzVx,['Yeat'],75.944,-9.341,110602,0.0786,0.707,0.6,0.0,Vocal,0.325,0.598,Positive,69,['pluggnb'],"['Ken Carson', 'KANKAN', 'Autumn!', 'Summrs', 'LUCKI', 'tana', 'Destroy Lonely', 'SoFaygo', 'KA$HDAMI', 'Pi’erre Bourne', 'SSGKobe', 'Sided', 'iayze', 'D. Savage', 'UnoTheActivist', 'BabyTron', 'SeptembersRich', 'Duwap Kaine', 'Young Nudy', 'Cochise']",https://open.spotify.com/track/14p60PiibNloesz8pDovLI,https://i.scdn.co/image/ab67616d0000b273b20fdc3ee4c262693cfdf005
10,The Bigger Picture,44gRhRi2OhEf7moAUj6MD1,The Bigger Picture,Lil Baby,5f7VJjfbwm532GiveGC0ZK,['Lil Baby'],96.459,-5.756,252729,0.0127,0.59,0.618,0.0,Vocal,0.244,0.153,Negative,69,"['atl hip hop', 'atl trap', 'rap', 'trap']","['Gunna', '21 Savage', 'Quavo', 'Metro Boomin', 'Kodak Black', 'Roddy Ricch', 'YoungBoy Never Broke Again', 'Lil Yachty', 'Tee Grizzley', 'Lil Keed', 'Young Thug', 'Moneybagg Yo', 'Quando Rondo', 'Lil Durk', 'Flipp Dinero', 'G Herbo', 'Key Glock', 'Young Nudy', 'JayDaYoungan', 'Doe Boy']",https://open.spotify.com/track/44gRhRi2OhEf7moAUj6MD1,https://i.scdn.co/image/ab67616d0000b273c0ee50f512295c64a2c8af3d
9,Commercial (feat. Lil Uzi Vert),3tDqEKKUs6gf8zMvSuLyLA,My Turn,Lil Baby,5f7VJjfbwm532GiveGC0ZK,"['Lil Baby', 'Lil Uzi Vert']",120.998,-8.637,214215,0.048,0.892,0.486,0.0,Vocal,0.146,0.535,Positive,68,"['atl hip hop', 'atl trap', 'rap', 'trap']","['Gunna', '21 Savage', 'Quavo', 'Metro Boomin', 'Kodak Black', 'Roddy Ricch', 'YoungBoy Never Broke Again', 'Lil Yachty', 'Tee Grizzley', 'Lil Keed', 'Young Thug', 'Moneybagg Yo', 'Quando Rondo', 'Lil Durk', 'Flipp Dinero', 'G Herbo', 'Key Glock', 'Young Nudy', 'JayDaYoungan', 'Doe Boy']",https://open.spotify.com/track/3tDqEKKUs6gf8zMvSuLyLA,https://i.scdn.co/image/ab67616d0000b273f46a9ad551acbdab8f72fd89
19,WHAT TO DO? (feat. Don Toliver),4AO1XhrgJczQ9bNVxdfKQe,JACKBOYS,JACKBOYS,7A8S43ryYdbWpJKeHRZRcq,"['JACKBOYS', 'Travis Scott', 'Don Toliver']",118.037,-5.191,250142,0.0695,0.643,0.594,1.46e-05,Vocal,0.115,0.195,Negative,67,"['rap', 'trap']","['Offset', 'Huncho Jack', 'Metro Boomin', 'Sheck Wes', 'Quavo', 'Don Toliver', 'Young Stoner Life', 'A$AP Mob', 'Smokepurpp', 'Pi’erre Bourne', 'Quality Control', 'Rich The Kid', 'Takeoff', 'Famous Dex', 'Lil Keed', 'NAV', 'Lil Yachty', 'Mustard', 'Swae Lee', '88GLAM']",https://open.spotify.com/track/4AO1XhrgJczQ9bNVxdfKQe,https://i.scdn.co/image/ab67616d0000b273dfc2f59568272de50a257f2f
18,Wicked Freestyle,4xl69qYIDxUIACXSeRkXOY,Who is Nardo Wick?,Nardo Wick,0Njy6yR9LykNKYg9yE23QN,['Nardo Wick'],149.046,-9.561,167627,0.00277,0.661,0.511,0.0,Vocal,0.608,0.4,Negative,67,"['florida rap', 'rap', 'trap']","['Only The Family', 'SleazyWorld Go', 'EST Gee', 'BIG30', 'PGF Nuk', 'Big Scarr', 'Pooh Shiesty', 'Quin Nfn', 'Lil Double 0', 'Doe Boy', 'Icewear Vezzo', 'Hotboii', 'G Herbo', '42 Dugg', 'Never Broke Again', 'Babyface Ray', '22Gz', 'SpotemGottem', 'Baby Smoove', 'Lil Zay Osama']",https://open.spotify.com/track/4xl69qYIDxUIACXSeRkXOY,https://i.scdn.co/image/ab67616d0000b27304791a385c035c1642c80b8f
25,One Take,4uu7gKd1PffC7QEMcMk0Ro,True 2 Myself,Lil Tjay,6jGMq4yGs7aQzuGsMgVgZR,['Lil Tjay'],148.014,-9.36,168653,0.072,0.76,0.615,0.0,Vocal,0.0571,0.351,Negative,66,"['brooklyn drill', 'melodic rap', 'nyc rap']","['Sheff G', 'J.I the Prince of N.Y', 'DDG', 'Scorey', 'Calboy', 'Bankrol Hayden', 'Sleepy Hallow', 'Fivio Foreign', '22Gz', 'Internet Money', 'Lil Tecca', 'Lil Mosey', 'Luh Kel', '2KBABY', 'YNW Melly', 'Polo G', 'Lil Loaded', 'Toosii', 'Hotboii', 'Roddy Ricch']",https://open.spotify.com/track/4uu7gKd1PffC7QEMcMk0Ro,https://i.scdn.co/image/ab67616d0000b273d2fe0b3a495888636cbed083
13,Only The Team (with Lil Mosey & Lil Tjay),6UHfW9PmGAUjIVeIkPzPQ2,Only The Team (with Lil Mosey & Lil Tjay),Rvssian,1fctva4kpRbg2k3v7kwRuS,"['Rvssian', 'Lil Mosey', 'Lil Tjay']",149.952,-2.871,168980,0.0178,0.764,0.774,0.0,Vocal,0.113,0.597,Positive,63,"['latin', 'latin hip hop', 'reggaeton', 'reggaeton flow', 'trap latino']","['Brytiago', 'Nio Garcia', 'Lary Over', 'Chris Jedi', 'Revol', 'Lalo Ebratt', 'Bryant Myers', 'DJ Luian', 'Jory Boy', 'Noriel', 'Kevin Roldan', 'Miky Woodz', 'Amenazzy', 'Jon Z', 'Cauty', 'Lunay', 'Myke Towers', 'Alex Rose', 'Anuel AA', 'Darell']",https://open.spotify.com/track/6UHfW9PmGAUjIVeIkPzPQ2,https://i.scdn.co/image/ab67616d0000b2731b382fb4a70157f7b47af1ed
16,No Sense (feat. Key Glock),67K5Ki1bLemeOlN012sip8,Rich Slave,Young Dolph,3HiuzBlSW7pGDXlSFMhO2g,"['Young Dolph', 'Key Glock']",124.01,-6.581,140467,0.0326,0.945,0.662,1.17e-05,Vocal,0.124,0.782,Positive,63,"['gangster rap', 'hip hop', 'memphis hip hop', 'rap', 'southern hip hop', 'tennessee hip hop', 'trap']","['Young Scooter', 'Bankroll Fresh', 'Moneybagg Yo', 'Shy Glizzy', 'Yella Beezy', 'Doe Boy', 'Yo Gotti', 'Starlito', 'Key Glock', 'Peewee Longway', 'YFN Lucci', 'HoodRich Pablo Juan', 'Blac Youngsta', 'Rich Homie Quan', 'Boosie Badazz', 'Waka Flocka Flame', 'Juicy J', 'Tay Keith', 'Webbie', 'Sauce Walka']",https://open.spotify.com/track/67K5Ki1bLemeOlN012sip8,https://i.scdn.co/image/ab67616d0000b273d2ac2d5b457bcad2eddef496
36,Who I Want,3vJKLsUYcC7mARUTOMUPaJ,The Voice of the Heroes,Lil Baby,5f7VJjfbwm532GiveGC0ZK,"['Lil Baby', 'Lil Durk']",145.928,-4.97,173208,0.14,0.77,0.561,0.0,Vocal,0.123,0.81,Positive,63,"['atl hip hop', 'atl trap', 'rap', 'trap']","['Gunna', '21 Savage', 'Quavo', 'Metro Boomin', 'Kodak Black', 'Roddy Ricch', 'YoungBoy Never Broke Again', 'Lil Yachty', 'Tee Grizzley', 'Lil Keed', 'Young Thug', 'Moneybagg Yo', 'Quando Rondo', 'Lil Durk', 'Flipp Dinero', 'G Herbo', 'Key Glock', 'Young Nudy', 'JayDaYoungan', 'Doe Boy']",https://open.spotify.com/track/3vJKLsUYcC7mARUTOMUPaJ,https://i.scdn.co/image/ab67616d0000b2739fa79040de02a72663f24323
2,4 The Betta,7ibRB2S2WOfPKSvYkhcYtj,Days B4 III,LUCKI,5tQMB0cuNXdCtzovGt55uD,['LUCKI'],155.984,-9.926,132115,0.233,0.78,0.453,1.98e-06,Vocal,0.114,0.305,Negative,63,"['plugg', 'pluggnb', 'underground hip hop', 'vapor trap']","['Duwap Kaine', 'Destroy Lonely', 'Summrs', 'KANKAN', 'Izaya Tiji', 'vjac0b', 'D. Savage', 'Homixide Gang', 'UnoTheActivist', 'Ken Carson', 'Autumn!', 'Thouxanbanfauni', 'Tony Shhnow', 'Summrs Archived', 'SeptembersRich', 'Slimesito', 'Sickboyrari', 'iayze', 'Lancey Foux', 'GOONIE']",https://open.spotify.com/track/7ibRB2S2WOfPKSvYkhcYtj,https://i.scdn.co/image/ab67616d0000b27359fcdde95220d0f8bf7fbcd1
6,I Am (Lil Baby & Gunna),3F57PtOdqRpD6euFYqtKXX,Drip Harder,Lil Baby,5f7VJjfbwm532GiveGC0ZK,"['Lil Baby', 'Gunna']",130.003,-6.506,145060,0.328,0.822,0.461,0.0,Vocal,0.122,0.268,Negative,61,"['atl hip hop', 'atl trap', 'rap', 'trap']","['Gunna', '21 Savage', 'Quavo', 'Metro Boomin', 'Kodak Black', 'Roddy Ricch', 'YoungBoy Never Broke Again', 'Lil Yachty', 'Tee Grizzley', 'Lil Keed', 'Young Thug', 'Moneybagg Yo', 'Quando Rondo', 'Lil Durk', 'Flipp Dinero', 'G Herbo', 'Key Glock', 'Young Nudy', 'JayDaYoungan', 'Doe Boy']",https://open.spotify.com/track/3F57PtOdqRpD6euFYqtKXX,https://i.scdn.co/image/ab67616d0000b273ce159a3ba2096e13fa9d4b4c
38,Adam & Eve,0J6UvGEMuJvzPKvlDbBvLz,Wildboy,Calboy,0HkcYmcjrBR3SCw9Ld5VZk,['Calboy'],74.998,-5.553,179467,0.203,0.781,0.696,0.0,Vocal,0.13,0.692,Positive,60,"['chicago rap', 'melodic rap', 'pop rap', 'trap', 'viral rap']","['Jay Gwuapo', 'YSN Flow', 'Booka600', 'Justin Rarri', '2KBABY', 'Stunna Gambino', 'Lil Zay Osama', 'Melvoni', 'TJ Porter', ""Smoove'L"", 'Jay Critch', 'Lil Poppa', 'T9ine', 'Slimelife Shawty', 'Yung Tory', 'Yungeen Ace', 'OMB Peezy', 'Quando Rondo', 'Dee Watkins', 'Shy Glizzy']",https://open.spotify.com/track/0J6UvGEMuJvzPKvlDbBvLz,https://i.scdn.co/image/ab67616d0000b2735f75220f317b41171e88209e
33,Randomly,6P8rBeOxn0ervew8cr0jcD,Days B4 III,LUCKI,5tQMB0cuNXdCtzovGt55uD,['LUCKI'],129.995,-10.002,128538,0.00562,0.808,0.535,0.000944,Vocal,0.147,0.0966,Negative,59,"['plugg', 'pluggnb', 'underground hip hop', 'vapor trap']","['Duwap Kaine', 'Destroy Lonely', 'Summrs', 'KANKAN', 'Izaya Tiji', 'vjac0b', 'D. Savage', 'Homixide Gang', 'UnoTheActivist', 'Ken Carson', 'Autumn!', 'Thouxanbanfauni', 'Tony Shhnow', 'Summrs Archived', 'SeptembersRich', 'Slimesito', 'Sickboyrari', 'iayze', 'Lancey Foux', 'GOONIE']",https://open.spotify.com/track/6P8rBeOxn0ervew8cr0jcD,https://i.scdn.co/image/ab67616d0000b27359fcdde95220d0f8bf7fbcd1
28,Sidenote,1kBgQ2cBNONDo7ABrvmRfu,We Love You Tecca,Lil Tecca,4Ga1P7PMIsmqEZqhYZQgDo,['Lil Tecca'],140.001,-7.748,157933,0.0608,0.666,0.666,0.0,Vocal,0.15,0.487,Negative,59,"['melodic rap', 'pluggnb', 'rap']","['YNW Melly', 'Roddy Ricch', 'Blueface', 'YK Osiris', 'Flipp Dinero', 'Comethazine', 'NAV', 'Lil Mosey', 'DaBaby', 'Cordae', 'Scorey', 'Trippie Redd', 'YBN Nahmir', 'Lil Gnar', 'Yung Tory', 'PnB Rock', 'Pi’erre Bourne', 'YoungBoy Never Broke Again', '24kGoldn', 'Luh Kel']",https://open.spotify.com/track/1kBgQ2cBNONDo7ABrvmRfu,https://i.scdn.co/image/ab67616d0000b273bd69bbde4aeee723d6d08058
3,Diva,6FIsKBZc3EHaTvWndQajIF,Donny Womack,Don Toliver,4Gso3d4CscCijv0lmajZWs,['Don Toliver'],153.912,-7.118,201181,0.0759,0.757,0.655,0.0,Vocal,0.0743,0.897,Positive,56,"['pop', 'rap', 'trap']","['Sheck Wes', 'Metro Boomin', 'Gunna', 'Quavo', 'Lil Keed', 'SahBabii', 'Lancey Foux', '21 Savage', 'Young Thug', 'Comethazine', 'Young Nudy', 'A$AP Mob', 'Pi’erre Bourne', '88GLAM', 'Huncho Jack', 'UnoTheActivist', 'Flipp Dinero', '6LACK', 'NAV', 'Playboi Carti']",https://open.spotify.com/track/6FIsKBZc3EHaTvWndQajIF,https://i.scdn.co/image/ab67616d0000b2731c00775c64af66b04a8ece58
27,Just Say Det,1X5qFwlfEX1cHpp08hiGlw,A Gangsta’s Pain,Moneybagg Yo,3tJoFztHeIJkJWMrx0td2f,['Moneybagg Yo'],140.022,-8.501,144033,0.0625,0.855,0.576,0.0,Vocal,0.213,0.324,Negative,54,"['hip hop', 'memphis hip hop', 'rap', 'southern hip hop', 'tennessee hip hop', 'trap']","['YFN Lucci', 'Key Glock', 'Yella Beezy', 'Blac Youngsta', 'Tee Grizzley', 'HoodRich Pablo Juan', 'Quando Rondo', 'Boosie Badazz', 'Peewee Longway', 'Shy Glizzy', 'Doe Boy', 'Young Dolph', 'Sauce Walka', 'YoungBoy Never Broke Again', 'Bankroll Fresh', 'Tay Keith', 'Money Man', 'OMB Peezy', 'Lud Foe', 'Mozzy']",https://open.spotify.com/track/1X5qFwlfEX1cHpp08hiGlw,https://i.scdn.co/image/ab67616d0000b273b9ba23c2a9edf6f4b7e48bed
14,Me Myself & I,26UmIgkm68J3SVvXhqt5St,Days B4 III,LUCKI,5tQMB0cuNXdCtzovGt55uD,['LUCKI'],121.993,-10.613,132822,0.00126,0.583,0.443,0.961,Instrumental,0.107,0.0399,Negative,53,"['plugg', 'pluggnb', 'underground hip hop', 'vapor trap']","['Duwap Kaine', 'Destroy Lonely', 'Summrs', 'KANKAN', 'Izaya Tiji', 'vjac0b', 'D. Savage', 'Homixide Gang', 'UnoTheActivist', 'Ken Carson', 'Autumn!', 'Thouxanbanfauni', 'Tony Shhnow', 'Summrs Archived', 'SeptembersRich', 'Slimesito', 'Sickboyrari', 'iayze', 'Lancey Foux', 'GOONIE']",https://open.spotify.com/track/26UmIgkm68J3SVvXhqt5St,https://i.scdn.co/image/ab67616d0000b27359fcdde95220d0f8bf7fbcd1
35,Chastised,0I1gjYB0yjwYXBn9SVOh3n,Street Gossip,Lil Baby,5f7VJjfbwm532GiveGC0ZK,['Lil Baby'],140.04,-4.657,123429,0.0912,0.778,0.646,0.0,Vocal,0.166,0.177,Negative,52,"['atl hip hop', 'atl trap', 'rap', 'trap']","['Gunna', '21 Savage', 'Quavo', 'Metro Boomin', 'Kodak Black', 'Roddy Ricch', 'YoungBoy Never Broke Again', 'Lil Yachty', 'Tee Grizzley', 'Lil Keed', 'Young Thug', 'Moneybagg Yo', 'Quando Rondo', 'Lil Durk', 'Flipp Dinero', 'G Herbo', 'Key Glock', 'Young Nudy', 'JayDaYoungan', 'Doe Boy']",https://open.spotify.com/track/0I1gjYB0yjwYXBn9SVOh3n,https://i.scdn.co/image/ab67616d0000b2737cb0c4f7761f6dd66aaca065
8,One Of My,12ZpiGAd2uPgJiofgoZMue,High Off Life,Future,1RyvyyTE3xzB2ZywiAwp0i,['Future'],114.009,-8.18,142979,0.103,0.95,0.5,3.77e-05,Vocal,0.103,0.598,Positive,51,"['atl hip hop', 'rap', 'southern hip hop', 'trap']","['Young Thug', '2 Chainz', 'Yo Gotti', 'Meek Mill', 'Gucci Mane', 'French Montana', 'Chief Keef', 'Lil Durk', 'Rick Ross', 'Young Dolph', 'YG', 'A$AP Ferg', 'Quavo', 'Migos', '21 Savage', 'Gunna', 'Waka Flocka Flame', 'NAV', 'Lil Yachty', 'Juicy J']",https://open.spotify.com/track/12ZpiGAd2uPgJiofgoZMue,https://i.scdn.co/image/ab67616d0000b273935d8d5369bc55e74a39303e
0,RIP Act,79n98Mh2I1wfRmsmFaooKa,Days B4 III,LUCKI,5tQMB0cuNXdCtzovGt55uD,['LUCKI'],76.012,-7.497,88615,0.000208,0.652,0.545,0.786,Instrumental,0.309,0.369,Negative,49,"['plugg', 'pluggnb', 'underground hip hop', 'vapor trap']","['Duwap Kaine', 'Destroy Lonely', 'Summrs', 'KANKAN', 'Izaya Tiji', 'vjac0b', 'D. Savage', 'Homixide Gang', 'UnoTheActivist', 'Ken Carson', 'Autumn!', 'Thouxanbanfauni', 'Tony Shhnow', 'Summrs Archived', 'SeptembersRich', 'Slimesito', 'Sickboyrari', 'iayze', 'Lancey Foux', 'GOONIE']",https://open.spotify.com/track/79n98Mh2I1wfRmsmFaooKa,https://i.scdn.co/image/ab67616d0000b27359fcdde95220d0f8bf7fbcd1
46,UNDA ARMOR,2mfVW6i0el4OEHB67fiPb5,95,BEAM,46MWeeHNVMYRIIofQBEX98,['BEAM'],147.038,-11.888,155297,0.00132,0.905,0.453,0.0873,Vocal,0.112,0.243,Negative,48,['trap soul'],"['FRVRFRIDAY', 'Eli Sostre', '451', 'Vory', 'Norman Perry', 'Boslen', 'Anfa Rose', 'Che Ecru', 'Guapdad 4000', 'SAFE', 'KayCyy', 'Preme', 'Johnny Yukon', 'Childish Major', 'K. Forest', 'Pyrex', 'Reese LAFLARE', 'Nami', 'Jazz Cartier', 'T-Shyne']",https://open.spotify.com/track/2mfVW6i0el4OEHB67fiPb5,https://i.scdn.co/image/ab67616d0000b27348a7ec93961f6a41617cf07e
32,Alley Cat,1RRwz9czf39ZVeLq6tAY14,Who is Nardo Wick?,Nardo Wick,0Njy6yR9LykNKYg9yE23QN,['Nardo Wick'],150.02,-7.783,154360,0.0183,0.822,0.544,0.00277,Vocal,0.123,0.333,Negative,48,"['florida rap', 'rap', 'trap']","['Only The Family', 'SleazyWorld Go', 'EST Gee', 'BIG30', 'PGF Nuk', 'Big Scarr', 'Pooh Shiesty', 'Quin Nfn', 'Lil Double 0', 'Doe Boy', 'Icewear Vezzo', 'Hotboii', 'G Herbo', '42 Dugg', 'Never Broke Again', 'Babyface Ray', '22Gz', 'SpotemGottem', 'Baby Smoove', 'Lil Zay Osama']",https://open.spotify.com/track/1RRwz9czf39ZVeLq6tAY14,https://i.scdn.co/image/ab67616d0000b27304791a385c035c1642c80b8f
11,Find A Way (feat. Lil Baby),3CtfBYewF9YoIj4tN1Xuh6,Back of My Mind,H.E.R.,3Y7RZ31TRPVadSFVy1o8os,"['H.E.R.', 'Lil Baby']",157.544,-6.992,197413,0.00733,0.597,0.663,0.0,Vocal,0.0791,0.577,Positive,47,"['dance pop', 'pop', 'r&b']","['Sabrina Claudio', 'Kehlani', 'Ella Mai', 'Summer Walker', 'Jorja Smith', 'Kiana Ledé', 'Justine Skye', 'Victoria Monét', 'Janine', 'TWENTY88', 'Asiahn', 'DaniLeigh', 'Queen Naija', 'Nao', 'Mahalia', 'Sinéad Harnett', 'Snoh Aalegra', 'Alina Baraz', 'Normani', 'Daniel Caesar']",https://open.spotify.com/track/3CtfBYewF9YoIj4tN1Xuh6,https://i.scdn.co/image/ab67616d0000b273f214cabc279e33a7f0140391
22,Left 4 Dead,4SRBv9M0wIPIw916zWfhkU,Days B4 III,LUCKI,5tQMB0cuNXdCtzovGt55uD,['LUCKI'],137.924,-9.654,139130,0.111,0.719,0.5,0.000416,Vocal,0.0992,0.431,Negative,46,"['plugg', 'pluggnb', 'underground hip hop', 'vapor trap']","['Duwap Kaine', 'Destroy Lonely', 'Summrs', 'KANKAN', 'Izaya Tiji', 'vjac0b', 'D. Savage', 'Homixide Gang', 'UnoTheActivist', 'Ken Carson', 'Autumn!', 'Thouxanbanfauni', 'Tony Shhnow', 'Summrs Archived', 'SeptembersRich', 'Slimesito', 'Sickboyrari', 'iayze', 'Lancey Foux', 'GOONIE']",https://open.spotify.com/track/4SRBv9M0wIPIw916zWfhkU,https://i.scdn.co/image/ab67616d0000b27359fcdde95220d0f8bf7fbcd1
5,ROCKSTAR BIKERS & CHAINS,2UrPiYObE8itBR1U44Zu3A,WUNNA,Gunna,2hlmm7s2ICUX0LVIhVFlZQ,['Gunna'],120.029,-9.285,129320,0.00481,0.89,0.564,0.0,Vocal,0.312,0.332,Negative,46,"['atl hip hop', 'melodic rap', 'rap', 'trap']","['Pi’erre Bourne', 'Young Nudy', 'Lil Keed', 'UnoTheActivist', 'SahBabii', 'Don Toliver', 'Lil Baby', 'Quavo', '21 Savage', 'Metro Boomin', 'Kodak Black', 'Lil Yachty', 'Roddy Ricch', 'D. Savage', 'Young Thug', 'Lil Uzi Vert', 'Yung Bans', 'Playboi Carti', 'Sheck Wes', 'Flipp Dinero']",https://open.spotify.com/track/2UrPiYObE8itBR1U44Zu3A,https://i.scdn.co/image/ab67616d0000b273d7547a7624116ac5f8a51fd2
4,Beverly Hills to 35th,1w4XLeZi73c56N1C9QcIoB,Days B4 III,LUCKI,5tQMB0cuNXdCtzovGt55uD,['LUCKI'],140.012,-7.358,107832,0.0348,0.788,0.433,0.000114,Vocal,0.203,0.156,Negative,44,"['plugg', 'pluggnb', 'underground hip hop', 'vapor trap']","['Duwap Kaine', 'Destroy Lonely', 'Summrs', 'KANKAN', 'Izaya Tiji', 'vjac0b', 'D. Savage', 'Homixide Gang', 'UnoTheActivist', 'Ken Carson', 'Autumn!', 'Thouxanbanfauni', 'Tony Shhnow', 'Summrs Archived', 'SeptembersRich', 'Slimesito', 'Sickboyrari', 'iayze', 'Lancey Foux', 'GOONIE']",https://open.spotify.com/track/1w4XLeZi73c56N1C9QcIoB,https://i.scdn.co/image/ab67616d0000b27359fcdde95220d0f8bf7fbcd1
49,WokRock,7E1nlSFN4P21azebK5Kv39,WokRock,Smooky MarGielaa,2HO2kO7O5gEnM91dhobllP,['Smooky MarGielaa'],128.095,-6.266,154867,0.0382,0.871,0.567,0.0,Vocal,0.102,0.332,Negative,40,"['melodic rap', 'nyc rap', 'vapor trap']","['Nebu Kiniza', 'Kap G', 'Yung Bans', 'Baka Not Nice', 'Almighty Jay', 'Reese LAFLARE', 'Yung Tory', 'Famous Dex', 'SahBabii', 'Valee', '24hrs', 'Matt Ox', 'Skinnyfromthe9', 'Ronny J', 'D. Savage', '88GLAM', 'Lil Gnar', 'Quality Control', 'Lancey Foux', 'Nessly']",https://open.spotify.com/track/7E1nlSFN4P21azebK5Kv39,https://i.scdn.co/image/ab67616d0000b273c4c414260695413bdab6ac32
15,Runnin With,0uEuGO0jp4VrCmVgotvC6v,Almost There,LUCKI,5tQMB0cuNXdCtzovGt55uD,['LUCKI'],131.95,-9.767,146680,0.00614,0.896,0.475,2.63e-06,Vocal,0.0891,0.566,Positive,40,"['plugg', 'pluggnb', 'underground hip hop', 'vapor trap']","['Duwap Kaine', 'Destroy Lonely', 'Summrs', 'KANKAN', 'Izaya Tiji', 'vjac0b', 'D. Savage', 'Homixide Gang', 'UnoTheActivist', 'Ken Carson', 'Autumn!', 'Thouxanbanfauni', 'Tony Shhnow', 'Summrs Archived', 'SeptembersRich', 'Slimesito', 'Sickboyrari', 'iayze', 'Lancey Foux', 'GOONIE']",https://open.spotify.com/track/0uEuGO0jp4VrCmVgotvC6v,https://i.scdn.co/image/ab67616d0000b273d403bb2f183dfd8f2bf32e82
23,STACKHOUSE,1pR2t8MrNUm8rHz7ghuJAG,STACKHOUSE,Melvoni,01Kz5ab1oYMaey58CaGTxA,['Melvoni'],121.042,-6.553,162755,0.101,0.797,0.581,0.0,Vocal,0.0569,0.37,Negative,36,['nyc rap'],"['YSN Flow', 'Jay Gwuapo', 'Stunna Gambino', 'Justin Rarri', 'TJ Porter', ""LBS Kee'vin"", 'Taleban Dooda', 'Slatt Zy', 'YSN Fab', ""Smoove'L"", 'TOB Duke', 'Teejay3k', 'Eli Fross', 'Slim Dinero', '2KBABY', 'Tizzy Stackz', 'NorthSideBenji', 'Scorey', '100k Track', 'YXNG K.A']",https://open.spotify.com/track/1pR2t8MrNUm8rHz7ghuJAG,https://i.scdn.co/image/ab67616d0000b2733cb508e65138f11248ed876f
7,Pony Tail,0Xx2Dibm8XQNKt2kKakafb,G.I.H.F.,Rylo Rodriguez,0gg11prPP6OqtUvBcKnPpq,['Rylo Rodriguez'],118.082,-7.592,158842,0.24,0.927,0.575,0.0,Vocal,0.0987,0.727,Positive,35,"['alabama rap', 'atl trap', 'tennessee hip hop']","['Rylo', 'Slimelife Shawty', 'FCG Heem', 'Noodah05', 'Lil Kee', 'Lil Poppa', 'Lil Jairmy', 'NoCap', 'OMB Peezy', 'Yung Mal', 'Rylo love', 'Hunxho', 'Lil Zay Osama', 'Booka600', '4KT Yungin', 'TLE Cinco', 'T9ine', 'Mgm Lett', 'Ryloo']",https://open.spotify.com/track/0Xx2Dibm8XQNKt2kKakafb,https://i.scdn.co/image/ab67616d0000b273f5aebf727e4b42e0799a2145
12,Chemist,0BA7jmH9G4yFNmdLYQBndO,Blood On The Hills,Pyrex,4ELZUuHRIUrAkko2cjpWB1,"['Pyrex', 'Southside', '808 MAFIA']",112.011,-8.587,128600,0.0015,0.903,0.507,0.0,Vocal,0.329,0.214,Negative,35,[],"['Pyrex Whippa', 'Stoop Lauren', 'Southside', 'Tm88', 'Young Crazy', 'YRN Murk', 'CHASETHEMONEY', 'Only One Felipe', 'Redda', 'Strick', 'Lil Gotit', 'Doe Boy', 'FINAOthaDON', 'MDMA', 'Yung Mal', 'Yak Gotti', 'NGeeYL', 'Reese LAFLARE', 'Gunboi', '451']",https://open.spotify.com/track/0BA7jmH9G4yFNmdLYQBndO,https://i.scdn.co/image/ab67616d0000b273b70f10a578a84bf903dd0bbb
30,Joe N Love,767nLaq9xgnChwqkWJWlFj,Joe N Love,Pyrex Whippa,0fmftFfKFPOLOsL0ddoG0f,['Pyrex Whippa'],125.001,-11.589,145972,0.0549,0.844,0.51,2.04e-06,Vocal,0.0802,0.371,Negative,30,[],"['Only One Felipe', 'Stoop Lauren', 'Pyrex', 'YRN Murk', 'Young Crazy', 'FINAOthaDON', 'CHASETHEMONEY', 'DY Krazy', 'Redda', 'Southside', 'Guap Tarantino', 'NGeeYL', 'Reese LAFLARE', 'Lil Quill', 'Terrance Escobar', 'Yung Mal', 'Z Money', 'Dollabillgates', 'BoofBoiIcy', 'Yak Gotti']",https://open.spotify.com/track/767nLaq9xgnChwqkWJWlFj,https://i.scdn.co/image/ab67616d0000b273fd8d5996b5e24f48912b1765
47,Encino,0WheGd6XLTKvyrR1AKUQmk,B4 the SexTape,K Suave,04a6mc5vUtj2pMzteToeH7,"['K Suave', 'D. Savage', 'Buddah Bands']",140.039,-13.685,205976,0.0632,0.908,0.529,0.0227,Vocal,0.104,0.584,Positive,28,"['pluggnb', 'vapor trap']","['Lil Candy Paint', 'GOONIE', 'Chris King', 'Izaya Tiji', 'Homixide Gang', 'SeptembersRich', 'vjac0b', 'Rich Amiri', 'Summrs Archived', 'BoofPaxkMooky', 'Lil Playah', 'Onlybino!', 'TyFontaine', 'Duwap Kaine', 'Texako', 'Slimesito', 'Zelly Ocho', 'Chavo', 'Tony Shhnow', 'MDMA']",https://open.spotify.com/track/0WheGd6XLTKvyrR1AKUQmk,https://i.scdn.co/image/ab67616d0000b273b10868939448072f4e0bcd2b
42,Gleem,6q7JL2eb3cRutOlp6M2qoA,CRYBABY,svrite,7ySZXevcgRfQ8OBL76GMSz,['svrite'],120.014,-11.39,212509,0.214,0.826,0.46,0.000593,Vocal,0.267,0.332,Negative,26,"['meme rap', 'vapor trap', 'viral rap']","['Lil Rae', 'Moxas', 'Lil Saint', 'hooligan chase', 'Sad Frosty', 'Lil Noodle', 'RONEN', 'Ray Rockman', 'NXSTY', 'Daddex', 'ryster', 'SPACE914', 'Surf', 'KESHORE', 'KIL', 'Kill Jasper', 'ION LIL GUT', '6o', 'whiterosemoxie', 'Rocstaryoshi']",https://open.spotify.com/track/6q7JL2eb3cRutOlp6M2qoA,https://i.scdn.co/image/ab67616d0000b2731ad23a83c8618cbac057aad9
37,Beauty In A Nightmare,5WXAbNWal0LbBmpVk4BA9X,Beauty In A Nightmare,svrite,7ySZXevcgRfQ8OBL76GMSz,['svrite'],159.94,-9.68,119227,0.635,0.481,0.518,0.48,Vocal,0.513,0.135,Negative,25,"['meme rap', 'vapor trap', 'viral rap']","['Lil Rae', 'Moxas', 'Lil Saint', 'hooligan chase', 'Sad Frosty', 'Lil Noodle', 'RONEN', 'Ray Rockman', 'NXSTY', 'Daddex', 'ryster', 'SPACE914', 'Surf', 'KESHORE', 'KIL', 'Kill Jasper', 'ION LIL GUT', '6o', 'whiterosemoxie', 'Rocstaryoshi']",https://open.spotify.com/track/5WXAbNWal0LbBmpVk4BA9X,https://i.scdn.co/image/ab67616d0000b27320edc5edd07eec2780b3c05d
40,Jiggy,0I7esYprGdntNcPHc3k9bN,Jiggy,svrite,7ySZXevcgRfQ8OBL76GMSz,['svrite'],94.966,-11.036,81032,0.396,0.666,0.503,5.22e-05,Vocal,0.243,0.324,Negative,0,"['meme rap', 'vapor trap', 'viral rap']","['Lil Rae', 'Moxas', 'Lil Saint', 'hooligan chase', 'Sad Frosty', 'Lil Noodle', 'RONEN', 'Ray Rockman', 'NXSTY', 'Daddex', 'ryster', 'SPACE914', 'Surf', 'KESHORE', 'KIL', 'Kill Jasper', 'ION LIL GUT', '6o', 'whiterosemoxie', 'Rocstaryoshi']",https://open.spotify.com/track/0I7esYprGdntNcPHc3k9bN,https://i.scdn.co/image/ab67616d0000b273db90c8601657fcd9e857d893
26,3 Headed Goat (feat. Lil Baby & Polo G),677KTHp39ZBJ9csDdgymI9,3 Headed Goat (feat. Lil Baby & Polo G),Lil Durk,3hcs9uc56yIGFCSy9leWe7,"['Lil Durk', 'Lil Baby', 'Polo G']",143.015,-8.607,169532,0.262,0.835,0.482,0.0,Vocal,0.0991,0.448,Negative,0,"['chicago drill', 'chicago rap', 'drill', 'hip hop', 'rap', 'trap']","['Fredo Santana', 'Shy Glizzy', 'Chief Keef', 'Lil Reese', 'Moneybagg Yo', 'Key Glock', 'Rich Homie Quan', 'Young Scooter', 'Doe Boy', 'Quando Rondo', 'Young Dolph', 'Tee Grizzley', 'YFN Lucci', 'G Herbo', 'FBG Duck', 'Blac Youngsta', 'Lud Foe', 'YoungBoy Never Broke Again', 'Only The Family', 'HoodRich Pablo Juan']",https://open.spotify.com/track/677KTHp39ZBJ9csDdgymI9,https://i.scdn.co/image/ab67616d0000b273a9237712a5a33cf1ea707bc7
34,more,4nsWdVm2Wq0KZd9qi82hkW,more,916frosty,6c0lj01vVpHsCH7Z5CfJ9K,['916frosty'],140.035,-8.737,273006,0.546,0.691,0.578,3.7e-05,Vocal,0.0983,0.354,Negative,0,"['emo rap', 'melodic rap', 'sad rap']","['SpaceMan Zack', 'RONEN', 'yung van', 'Two:22', 'Vaboh', 'LIL DUSTY G', 'Shrimp', 'Prettyheartbreak', 'Lil Xtra', 'Foreign Forest', 'fish narc', 'Lil Yung Pharaoh', 'Lil Rae', 'Kid $Ixty', 'Lil Cobaine', 'Jay Sek', 'Dancody', '7ru7h', '6o', 'Global Dan']",https://open.spotify.com/track/4nsWdVm2Wq0KZd9qi82hkW,https://i.scdn.co/image/ab67616d0000b273dd3dea0f989d99ca407393ab
43,Sandlot,1y9LlQMKlY7VXBiiBwwdBe,Sandlot,SSGKobe,1NHCwCMqV9oNQJXl16IltL,['SSGKobe'],124.003,-9.41,131613,0.0667,0.883,0.57,0.0,Vocal,0.109,0.827,Positive,0,"['pluggnb', 'vapor trap', 'viral rap']","['Slump6s', 'Rich Amiri', 'K Suave', 'TyFontaine', 'Yung Fazo', 'Onlybino!', 'che', 'SoFaygo', 'DC The Don', 'Lil Candy Paint', 'iayze', 'GOONIE', 'BIGBABYGUCCI', 'SSGKOBE etc', 'KANKAN', 'Summrs', 'SeptembersRich', 'Lil Playah', 'Izaya Tiji', 'Pasto Flocco']",https://open.spotify.com/track/1y9LlQMKlY7VXBiiBwwdBe,https://i.scdn.co/image/ab67616d0000b27385f7cefd1edce3d433cb1763
44,HAHA,6g5P8pZaVnz60FKmOTEOIn,HAHA,svrite,7ySZXevcgRfQ8OBL76GMSz,['svrite'],120.964,-7.824,96595,0.446,0.773,0.564,0.00656,Vocal,0.322,0.46,Negative,0,"['meme rap', 'vapor trap', 'viral rap']","['Lil Rae', 'Moxas', 'Lil Saint', 'hooligan chase', 'Sad Frosty', 'Lil Noodle', 'RONEN', 'Ray Rockman', 'NXSTY', 'Daddex', 'ryster', 'SPACE914', 'Surf', 'KESHORE', 'KIL', 'Kill Jasper', 'ION LIL GUT', '6o', 'whiterosemoxie', 'Rocstaryoshi']",https://open.spotify.com/track/6g5P8pZaVnz60FKmOTEOIn,https://i.scdn.co/image/ab67616d0000b2733555a8c32c9e15b385ff77bc
17,Reverse,1JO3DPRZLvMiZQDZmkS5OC,Reverse,svrite,7ySZXevcgRfQ8OBL76GMSz,['svrite'],145.09,-11.393,110629,0.00756,0.837,0.32,0.679,Instrumental,0.085,0.554,Positive,0,"['meme rap', 'vapor trap', 'viral rap']","['Lil Rae', 'Moxas', 'Lil Saint', 'hooligan chase', 'Sad Frosty', 'Lil Noodle', 'RONEN', 'Ray Rockman', 'NXSTY', 'Daddex', 'ryster', 'SPACE914', 'Surf', 'KESHORE', 'KIL', 'Kill Jasper', 'ION LIL GUT', '6o', 'whiterosemoxie', 'Rocstaryoshi']",https://open.spotify.com/track/1JO3DPRZLvMiZQDZmkS5OC,https://i.scdn.co/image/ab67616d0000b2738ccd554bc7f00cffb314725a
21,PHANTOM,1lKYd26uxDh7Uew4RKTYXi,G-Class,YSB,5LZZMfoewWhxBDaFNJZ6cj,['YSB'],169.921,-12.382,158000,0.058,0.641,0.492,0.0,Vocal,0.101,0.415,Negative,0,[],[],https://open.spotify.com/track/1lKYd26uxDh7Uew4RKTYXi,https://i.scdn.co/image/ab67616d0000b273c23f707cafc47021f2c0ccce
24,Flex!,7dQ3JnBO2EU480vZSCp4Db,Flex!,svrite,7ySZXevcgRfQ8OBL76GMSz,['svrite'],159.973,-11.283,156082,0.00216,0.772,0.566,0.00118,Vocal,0.224,0.222,Negative,0,"['meme rap', 'vapor trap', 'viral rap']","['Lil Rae', 'Moxas', 'Lil Saint', 'hooligan chase', 'Sad Frosty', 'Lil Noodle', 'RONEN', 'Ray Rockman', 'NXSTY', 'Daddex', 'ryster', 'SPACE914', 'Surf', 'KESHORE', 'KIL', 'Kill Jasper', 'ION LIL GUT', '6o', 'whiterosemoxie', 'Rocstaryoshi']",https://open.spotify.com/track/7dQ3JnBO2EU480vZSCp4Db,https://i.scdn.co/image/ab67616d0000b27309634c229fb40afa4c036280
48,Murder Passion,2g9qgqn6VvWzaxGE9ddGAH,Bawskee 4,Comethazine,1iJdyDcY98X3GMnUesl7tf,['Comethazine'],120.047,-9.159,84000,0.0407,0.85,0.663,7.9e-05,Vocal,0.133,0.723,Positive,0,"['meme rap', 'rap', 'trap', 'underground hip hop', 'vapor trap', 'viral rap']","['Tay-K', 'Lil Gnar', 'YBN Nahmir', 'Famous Dex', 'Lil Yachty', 'Ugly God', 'Kid Trunks', 'Almighty Jay', 'Yung Bans', 'Blueface', 'Trippie Redd', 'D. Savage', 'Sheck Wes', 'UnoTheActivist', 'Young Nudy', 'Cooliecut', '$NOT', 'Flipp Dinero', 'Smokepurpp', 'Dbangz']",https://open.spotify.com/track/2g9qgqn6VvWzaxGE9ddGAH,https://i.scdn.co/image/ab67616d0000b273fb4bdc85fde8f8234e37db95
1,twice,6PLM1Uh3XS9qje1WuJbVrK,twice,916frosty,6c0lj01vVpHsCH7Z5CfJ9K,['916frosty'],130.138,-7.316,164562,0.25,0.817,0.55,0.000233,Vocal,0.142,0.212,Negative,0,"['emo rap', 'melodic rap', 'sad rap']","['SpaceMan Zack', 'RONEN', 'yung van', 'Two:22', 'Vaboh', 'LIL DUSTY G', 'Shrimp', 'Prettyheartbreak', 'Lil Xtra', 'Foreign Forest', 'fish narc', 'Lil Yung Pharaoh', 'Lil Rae', 'Kid $Ixty', 'Lil Cobaine', 'Jay Sek', 'Dancody', '7ru7h', '6o', 'Global Dan']",https://open.spotify.com/track/6PLM1Uh3XS9qje1WuJbVrK,https://i.scdn.co/image/ab67616d0000b273a43c050d3aeec1120c2d1fc0
